{"is_source_file": false, "format": "", "description": "", "external_files": [], "external_methods": [], "published": [], "classes": [], "methods": [], "calls": [], "search-terms": [], "state": 2, "file_id": 12, "knowledge_revision": 21, "git_revision": "f5138373f7302389f922e14e58e54e58215a6416", "hash": "32f30017850479d1ad5d107d7d116f78", "format-version": 4, "code-base-name": "tic_tac_toe_frontend", "filename": "README.md", "revision_history": [{"21": "f5138373f7302389f922e14e58e54e58215a6416"}]}