{"is_source_file": true, "format": "JavaScript (React JSX)", "description": "This file is the main entry point for a React-based frontend application. It imports necessary modules and renders the root React component into the DOM.", "external_files": ["./App", "./index.css"], "external_methods": ["ReactDOM.createRoot", "root.render"], "published": [], "classes": [], "methods": [{"name": "ReactDOM.createRoot", "description": "Creates a root for rendering React components into the DOM."}, {"name": "root.render", "description": "Renders the React component tree into the specified DOM node."}], "calls": ["ReactDOM.createRoot", "root.render", "<React.StrictMode>", "<App />"], "search-terms": ["index.js", "React", "ReactDOM", "Frontend", "React application entry point", "root.render"], "state": 2, "file_id": 9, "knowledge_revision": 24, "git_revision": "b6ba696273706c001280939c9aca689ddfc52a89", "ctags": [{"_type": "tag", "name": "root", "path": "/home/kavia/workspace/code-generation/two-player-tic-tac-toe-217234-217243/tic_tac_toe_frontend/src/index.js", "pattern": "/^const root = ReactDOM.createRoot(document.getElementById('root'));$/", "language": "JavaScript", "kind": "constant"}], "hash": "9fc5841375336fc175b49f8767a11383", "format-version": 4, "code-base-name": "tic_tac_toe_frontend", "filename": "tic_tac_toe_frontend/src/index.js", "revision_history": [{"24": "b6ba696273706c001280939c9aca689ddfc52a89"}]}