{"is_source_file": false, "format": "", "description": "", "external_files": [], "external_methods": [], "published": [], "classes": [], "methods": [], "calls": [], "search-terms": ["CSS", "App.css", "theme", "colors", "variables", "responsive", "dark theme", "light theme"], "state": 2, "file_id": 7, "knowledge_revision": 20, "git_revision": "b6ba696273706c001280939c9aca689ddfc52a89", "hash": "22f9e17cc1848b56dbb244518ac2707e", "format-version": 4, "code-base-name": "tic_tac_toe_frontend", "filename": "tic_tac_toe_frontend/src/App.css", "revision_history": [{"20": "b6ba696273706c001280939c9aca689ddfc52a89"}]}